{"cameraMode":{"drawMode":0,"name":"Shaded","section":"Shading Mode"},"sceneLighting":false,"audioPlay":false,"sceneViewState":{"m_AlwaysRefresh":true,"showFog":true,"showSkybox":false,"showFlares":true,"showImageEffects":true,"showParticleSystems":true,"showVisualEffectGraphs":true,"m_FxEnabled":true},"in2DMode":false,"pivot":{"x":3.0910651683807375,"y":2.6742753982543947,"z":4.919775009155273},"rotation":{"x":0.06892205029726029,"y":-0.9304295182228088,"z":0.23450326919555665,"w":0.2734082043170929},"size":5.513073921203613,"orthographic":true}