{"cameraMode":{"drawMode":0,"name":"Shaded","section":"Shading Mode"},"sceneLighting":false,"audioPlay":false,"sceneViewState":{"m_AlwaysRefresh":true,"showFog":true,"showSkybox":false,"showFlares":true,"showImageEffects":true,"showParticleSystems":true,"showVisualEffectGraphs":true,"m_FxEnabled":true},"in2DMode":false,"pivot":{"x":-0.7128372192382813,"y":1.9871947765350342,"z":0.3946506381034851},"rotation":{"x":-0.08763216435909271,"y":-0.9121270775794983,"z":0.2695990800857544,"w":-0.2963724434375763},"size":3.2064590454101564,"orthographic":true}