{"cameraMode":{"drawMode":0,"name":"Shaded","section":"Shading Mode"},"sceneLighting":false,"audioPlay":false,"sceneViewState":{"m_AlwaysRefresh":true,"showFog":true,"showSkybox":false,"showFlares":true,"showImageEffects":true,"showParticleSystems":true,"showVisualEffectGraphs":true,"m_FxEnabled":true},"in2DMode":false,"pivot":{"x":2.049180269241333,"y":2.833649158477783,"z":4.375942230224609},"rotation":{"x":0.47896644473075869,"y":0.032843854278326038,"z":-0.017933392897248269,"w":0.8771652579307556},"size":7.253185749053955,"orthographic":true}