{"cameraMode":{"drawMode":0,"name":"Shaded","section":"Shading Mode"},"sceneLighting":false,"audioPlay":false,"sceneViewState":{"m_AlwaysRefresh":true,"showFog":true,"showSkybox":false,"showFlares":true,"showImageEffects":true,"showParticleSystems":true,"showVisualEffectGraphs":true,"m_FxEnabled":true},"in2DMode":false,"pivot":{"x":-0.35278433561325076,"y":2.1824042797088625,"z":-1.7896814346313477},"rotation":{"x":-0.4395480751991272,"y":-0.5428137183189392,"z":0.4038871228694916,"w":-0.5909494757652283},"size":0.4843592941761017,"orthographic":true}