{"cameraMode":{"drawMode":0,"name":"Shaded","section":"Shading Mode"},"sceneLighting":false,"audioPlay":false,"sceneViewState":{"m_AlwaysRefresh":true,"showFog":true,"showSkybox":false,"showFlares":true,"showImageEffects":true,"showParticleSystems":true,"showVisualEffectGraphs":true,"m_FxEnabled":true},"in2DMode":false,"pivot":{"x":-2.0465025901794435,"y":0.7977199554443359,"z":-0.027937889099121095},"rotation":{"x":0.03891768306493759,"y":-0.9484288692474365,"z":0.28747230768203738,"w":0.12846754491329194},"size":4.365768909454346,"orthographic":true}