{"cameraMode":{"drawMode":0,"name":"Shaded","section":"Shading Mode"},"sceneLighting":false,"audioPlay":false,"sceneViewState":{"m_AlwaysRefresh":true,"showFog":true,"showSkybox":true,"showFlares":true,"showImageEffects":true,"showParticleSystems":true,"showVisualEffectGraphs":true,"m_FxEnabled":true},"in2DMode":false,"pivot":{"x":0.1534271240234375,"y":11.742958068847657,"z":9.90308952331543},"rotation":{"x":-0.5654571652412415,"y":-0.10752572864294052,"z":0.07477229088544846,"w":-0.8144358396530151},"size":17.291656494140626,"orthographic":true}